<?xml version="1.0" encoding="UTF-8" standalone="no"?>
<workflow download="all" export="proj" mainabst="" maingraf="single4in1out" mainreal="vina_output_names" name="vina_output_names">
   <graf name="single4in1out" text="Description of Graph">
      <job name="4in1out" text="Description of Job" x="10" y="10">
         <input name="ligands.zip" prejob="" preoutput="" seq="0" text="Description of Port" x="9" y="-5"/>
         <input name="receptors.zip" prejob="" preoutput="" seq="1" text="Description of Port" x="25" y="-5"/>
         <input name="conf.txt" prejob="" preoutput="" seq="2" text="Description of Port" x="40" y="-5"/>
         <input name="names.txt" prejob="" preoutput="" seq="3" text="Description of Port" x="56" y="-5"/>
         <output name="output.zip" seq="4" text="Description of Port" x="70" y="9"/>
      </job>
   </graf>
   <real abst="" graf="single4in1out" name="vina_output_names" text="2015-8-12">
      <job name="4in1out" text="Description of Job" x="10" y="10">
         <input name="ligands.zip" prejob="" preoutput="" seq="0" text="Description of Port" x="9" y="-5">
            <port_prop desc="null" inh="null" key="eparam" label="null" value="0"/>
            <port_prop desc="null" inh="null" key="file" label="null" value="ligands.zip"/>
            <port_prop desc="null" inh="null" key="intname" label="null" value="ligands.zip"/>
            <port_prop desc="null" inh="null" key="dpid" label="null" value="0"/>
            <port_prop desc="null" inh="null" key="pequaltype" label="null" value="0"/>
         </input>
         <input name="receptors.zip" prejob="" preoutput="" seq="1" text="Description of Port" x="25" y="-5">
            <port_prop desc="null" inh="null" key="eparam" label="null" value="0"/>
            <port_prop desc="null" inh="null" key="file" label="null" value="receptors.zip"/>
            <port_prop desc="null" inh="null" key="intname" label="null" value="receptors.zip"/>
            <port_prop desc="null" inh="null" key="dpid" label="null" value="1"/>
            <port_prop desc="null" inh="null" key="pequaltype" label="null" value="0"/>
         </input>
         <input name="conf.txt" prejob="" preoutput="" seq="2" text="Description of Port" x="40" y="-5">
            <port_prop desc="null" inh="null" key="eparam" label="null" value="0"/>
            <port_prop desc="null" inh="null" key="file" label="null" value="conf.txt"/>
            <port_prop desc="null" inh="null" key="intname" label="null" value="conf.txt"/>
            <port_prop desc="null" inh="null" key="dpid" label="null" value="2"/>
            <port_prop desc="null" inh="null" key="pequaltype" label="null" value="0"/>
         </input>
         <input name="names.txt" prejob="" preoutput="" seq="3" text="Description of Port" x="56" y="-5">
            <port_prop desc="null" inh="null" key="eparam" label="null" value="0"/>
            <port_prop desc="null" inh="null" key="file" label="null" value="output_names.txt"/>
            <port_prop desc="null" inh="null" key="intname" label="null" value="output_names.txt"/>
            <port_prop desc="null" inh="null" key="dpid" label="null" value="3"/>
            <port_prop desc="null" inh="null" key="pequaltype" label="null" value="0"/>
         </input>
         <output name="output.zip" seq="4" text="Description of Port" x="70" y="9">
            <port_prop desc="null" inh="null" key="maincount0" label="null" value="1"/>
            <port_prop desc="null" inh="null" key="type0" label="null" value="permament"/>
            <port_prop desc="null" inh="null" key="intname" label="null" value="output.zip"/>
            <port_prop desc="null" inh="null" key="maincount" label="null" value="1"/>
         </output>
         <execute desc="null" inh="null" key="gridtype" label="null" value="cloudbroker"/>
         <execute desc="null" inh="null" key="regionname" label="null" value="94245f0d-fd8b-4034-bbd8-f662cfd006aa"/>
         <execute desc="null" inh="null" key="jobistype" label="null" value="binary"/>
         <execute desc="null" inh="null" key="instancetypename" label="null" value="a38839e9-8b14-45b2-8485-4cdaec584f63"/>
         <execute desc="null" inh="null" key="executablename" label="null" value="31e981b9-12a9-40ee-a515-015a2e0d2ff4"/>
         <execute desc="null" inh="null" key="softwarename" label="null" value="88d5f572-a996-4a83-811a-9cf7a8f3ac27"/>
         <execute desc="null" inh="null" key="resourcename" label="null" value="5d9a4557-4cb4-48b9-bdc9-25c0fe8bb59d"/>
         <execute desc="null" inh="null" key="grid" label="null" value="cloudsme-prototype"/>
         <history mdyid="modify.input.intname" nvalue="output_names.txt" ovalue="names.txt" port="3" tim="2015-08-12-15:01:14" user="12057"/>
         <history mdyid="new.job.gridtype" nvalue="cloudbroker" ovalue="" port="-" tim="2015-08-12-14:46:35" user="12057"/>
         <history mdyid="new.job.regionname" nvalue="94245f0d-fd8b-4034-bbd8-f662cfd006aa" ovalue="" port="-" tim="2015-08-12-14:46:35" user="12057"/>
         <history mdyid="new.job.jobistype" nvalue="binary" ovalue="" port="-" tim="2015-08-12-14:46:35" user="12057"/>
         <history mdyid="new.job.instancetypename" nvalue="a38839e9-8b14-45b2-8485-4cdaec584f63" ovalue="" port="-" tim="2015-08-12-14:46:35" user="12057"/>
         <history mdyid="new.job.executablename" nvalue="31e981b9-12a9-40ee-a515-015a2e0d2ff4" ovalue="" port="-" tim="2015-08-12-14:46:35" user="12057"/>
         <history mdyid="new.job.softwarename" nvalue="88d5f572-a996-4a83-811a-9cf7a8f3ac27" ovalue="" port="-" tim="2015-08-12-14:46:35" user="12057"/>
         <history mdyid="new.job.breakpoint" nvalue="none" ovalue="" port="-" tim="2015-08-12-14:46:35" user="12057"/>
         <history mdyid="new.job.resourcename" nvalue="5d9a4557-4cb4-48b9-bdc9-25c0fe8bb59d" ovalue="" port="-" tim="2015-08-12-14:46:35" user="12057"/>
         <history mdyid="new.job.grid" nvalue="cloudsme-prototype" ovalue="" port="-" tim="2015-08-12-14:46:35" user="12057"/>
         <history mdyid="new.job.breaktimeout" nvalue="0" ovalue="" port="-" tim="2015-08-12-14:46:35" user="12057"/>
         <history mdyid="new.input.eparam" nvalue="0" ovalue="" port="0" tim="2015-08-12-14:46:35" user="12057"/>
         <history mdyid="new.input.file" nvalue="ligands.zip" ovalue="" port="0" tim="2015-08-12-14:46:35" user="12057"/>
         <history mdyid="new.input.intname" nvalue="ligands.zip" ovalue="" port="0" tim="2015-08-12-14:46:35" user="12057"/>
         <history mdyid="new.input.dpid" nvalue="0" ovalue="" port="0" tim="2015-08-12-14:46:35" user="12057"/>
         <history mdyid="new.input.pequaltype" nvalue="0" ovalue="" port="0" tim="2015-08-12-14:46:35" user="12057"/>
         <history mdyid="new.input.eparam" nvalue="0" ovalue="" port="1" tim="2015-08-12-14:46:35" user="12057"/>
         <history mdyid="new.input.file" nvalue="receptors.zip" ovalue="" port="1" tim="2015-08-12-14:46:35" user="12057"/>
         <history mdyid="new.input.intname" nvalue="receptors.zip" ovalue="" port="1" tim="2015-08-12-14:46:35" user="12057"/>
         <history mdyid="new.input.dpid" nvalue="1" ovalue="" port="1" tim="2015-08-12-14:46:35" user="12057"/>
         <history mdyid="new.input.pequaltype" nvalue="0" ovalue="" port="1" tim="2015-08-12-14:46:35" user="12057"/>
         <history mdyid="new.input.eparam" nvalue="0" ovalue="" port="2" tim="2015-08-12-14:46:35" user="12057"/>
         <history mdyid="new.input.file" nvalue="conf.txt" ovalue="" port="2" tim="2015-08-12-14:46:35" user="12057"/>
         <history mdyid="new.input.intname" nvalue="conf.txt" ovalue="" port="2" tim="2015-08-12-14:46:35" user="12057"/>
         <history mdyid="new.input.dpid" nvalue="2" ovalue="" port="2" tim="2015-08-12-14:46:35" user="12057"/>
         <history mdyid="new.input.pequaltype" nvalue="0" ovalue="" port="2" tim="2015-08-12-14:46:35" user="12057"/>
         <history mdyid="new.input.eparam" nvalue="0" ovalue="" port="3" tim="2015-08-12-14:46:35" user="12057"/>
         <history mdyid="new.input.file" nvalue="output_names.txt" ovalue="" port="3" tim="2015-08-12-14:46:35" user="12057"/>
         <history mdyid="new.input.intname" nvalue="names.txt" ovalue="" port="3" tim="2015-08-12-14:46:35" user="12057"/>
         <history mdyid="new.input.dpid" nvalue="3" ovalue="" port="3" tim="2015-08-12-14:46:35" user="12057"/>
         <history mdyid="new.input.pequaltype" nvalue="0" ovalue="" port="3" tim="2015-08-12-14:46:35" user="12057"/>
         <history mdyid="new.output.maincount0" nvalue="1" ovalue="" port="4" tim="2015-08-12-14:46:35" user="12057"/>
         <history mdyid="new.output.type0" nvalue="permament" ovalue="" port="4" tim="2015-08-12-14:46:35" user="12057"/>
         <history mdyid="new.output.intname" nvalue="output.zip" ovalue="" port="4" tim="2015-08-12-14:46:35" user="12057"/>
         <history mdyid="new.output.maincount" nvalue="1" ovalue="" port="4" tim="2015-08-12-14:46:35" user="12057"/>
      </job>
      <instances>
         <instance name="wftype" rtid="*" value="zen"/>
         <instance name="storage" rtid="15819830346742262zentest" value="http://cloudsme-prod.lpds.sztaki.hu:8080/storage"/>
         <instance name="text" rtid="15819830346742262zentest" value="2015-8-12 14:46"/>
         <instance name="status" rtid="15819830346742262zentest" value="5"/>
         <instance name="storage" rtid="15820704509888790zentest" value="http://cloudsme-prod.lpds.sztaki.hu:8080/storage"/>
         <instance name="text" rtid="15820704509888790zentest" value="2015-8-12 15:1"/>
         <instance name="status" rtid="15820704509888790zentest" value="5"/>
         <jobstatus job="4in1out" pid="0" resource="https://cloudsme-prototype.cloudbroker.com//jobs/e14c7650-e3fc-41a0-a225-23e6679de3b8" rtid="15819830346742262zentest" status="5"/>
         <jobstatus job="4in1out" pid="0" resource="https://cloudsme-prototype.cloudbroker.com//jobs/acc48400-8d98-483b-acff-9a38b1116d98" rtid="15820704509888790zentest" status="5"/>
      </instances>
   </real>
</workflow>
